"0","library(foreign)"
"0","library(dplyr)"
"0",""
"0",""
"0","W01 <- read.spss(""../00.Data/01. covid-19_wave1_survey_cls.sav"", to.data.frame = TRUE)"
"2","re-encoding from CP1252
"
"2","Warning: Undeclared level(s) 1, 2, 3, 4, 5, 6, 7, 10, 12 added in variable: CW1_PNUM00"
"2","Warning: Undeclared level(s) 1, 2, 3, 4, 5, 6, 7, 8, 9 added in variable: CW1_COMPLIANC"
"2","Warning: Undeclared level(s) 0, 1, 2, 3, 4, 5, 6, 7, 8, 9, 10, 11, 12, 13, 14, 15, 16, 17, 18, 19, 20, 21, 22, 23, 24 added in variable: CW1_Timeuse1_1_1"
"2","Warning: Undeclared level(s) 0, 1, 2, 3, 4, 5, 6, 7, 8, 9, 10, 11, 12, 14, 15, 16, 20, 24 added in variable: CW1_Timeuse1_2_1"
"2","Warning: Undeclared level(s) 0, 1, 2, 3, 4, 5, 6, 7, 8, 9, 10, 12, 14, 15, 16, 17, 18, 19, 20, 21, 23, 24 added in variable: CW1_Timeuse1_3_1"
"2","Warning: Undeclared level(s) 0, 1, 2, 3, 4, 5, 6, 7, 8, 9, 10, 11, 12, 14, 15, 16, 17, 18, 20, 21, 24 added in variable: CW1_Timeuse1_4_1"
"2","Warning: Undeclared level(s) 0, 1, 2, 3, 4, 5, 6, 7, 8, 9, 10, 11, 12, 13, 14, 15, 16, 17, 18, 20, 21, 22, 23, 24 added in variable: CW1_Timeuse1_5_1"
"2","Warning: Undeclared level(s) 0, 1, 2, 3, 4, 5, 6, 7, 8, 9, 10, 11, 12, 14, 15, 16, 17, 18, 19, 20, 21, 22, 23, 24 added in variable: CW1_Timeuse1_6_1"
"2","Warning: Undeclared level(s) 0, 1, 2, 3, 4, 5, 6, 7, 8, 9, 10, 12, 13, 14, 15, 16, 18, 19, 20, 21, 23, 24 added in variable: CW1_Timeuse1_7_1"
"2","Warning: Undeclared level(s) 0, 1, 2, 3, 4, 5, 6, 7, 8, 9, 10, 11, 12, 13, 14, 15, 16, 17, 18, 19, 20, 21, 22, 24 added in variable: CW1_Timeuse1_8_1"
"2","Warning: Undeclared level(s) 0, 1, 2, 3, 4, 5, 6, 7, 8, 9, 10, 11, 12, 13, 14, 15, 16, 17, 18, 19, 20, 21, 22, 23, 24 added in variable: CW1_Timeuse1_9_1"
"2","Warning: Undeclared level(s) 0, 1, 2, 3, 4, 5, 6, 7, 8, 9, 10, 11, 12, 13, 14, 15, 16, 17, 18, 20, 21, 24 added in variable: CW1_Timeuse1_10_1"
"2","Warning: Undeclared level(s) 0, 1, 2, 3, 4, 5, 6, 7, 8, 9, 10, 11, 12, 13, 14, 15, 16, 20, 21, 22, 24 added in variable: CW1_Timeuse1_11_1"
"2","Warning: Undeclared level(s) 0, 1, 2, 3, 4, 5, 6, 7, 8, 9, 10, 11, 12, 14, 15, 16, 18, 20, 24 added in variable: CW1_Timeuse1_12_1"
"2","Warning: Undeclared level(s) 0, 1, 2, 3, 4, 5, 6, 7, 8, 9, 10, 12, 13, 14, 15, 17, 18, 20, 21, 23, 24 added in variable: CW1_Timeuse1_13_1"
"2","Warning: Undeclared level(s) 0, 1, 2, 3, 4, 5, 6, 7, 8, 9, 10, 11, 12, 13, 14, 15, 16, 18, 19, 20, 21, 24 added in variable: CW1_Timeuse1_14_1"
"2","Warning: Undeclared level(s) 0, 1, 2, 3, 4, 5, 6, 7, 8, 9, 10, 11, 12, 13, 14, 15, 16, 17, 18, 20, 22, 23, 24 added in variable: CW1_Timeuse1_15_1"
"2","Warning: Undeclared level(s) 0, 1, 2, 3, 4, 5, 6, 7, 8, 9, 10, 11, 12, 13, 14, 15, 16, 18, 20, 21, 23, 24 added in variable: CW1_Timeuse1_16_1"
"2","Warning: Undeclared level(s) 0, 1, 2, 3, 4, 5, 6, 7, 8, 9, 10, 11, 12, 13, 14, 15, 16, 17, 18, 19, 20, 21, 22, 23, 24 added in variable: CW1_Timeuse2"
"2","Warning: Undeclared level(s) 0, 1, 2, 3, 4, 5, 6, 7, 8, 9, 10, 11, 12, 13, 14, 17, 20 added in variable: CW1_HHNUM"
"2","Warning: Undeclared level(s) 2, 3, 4, 5, 6 added in variable: CW1_RELSAT"
"2","Warning: Undeclared level(s) 5, 6, 7, 8, 9, 10, 11, 12, 13, 14, 15, 16, 17, 18, 19, 20, 21, 22, 23, 24, 25, 26, 27, 28, 29, 30, 31, 32, 33, 34, 35, 36, 37, 38, 39, 40, 41 added in variable: CW1_PREDUE"
"2","Warning: Undeclared level(s) 0, 1, 2, 3, 4, 5, 6, 7, 8 added in variable: CW1_NUMCHIL"
"2","Warning: Undeclared level(s) 0, 0.4, 0.5, 0.6, 0.7, 0.8, 1, 1.5, 2, 2.5, 3, 3.9, 4, 5, 6, 7, 8, 9, 10, 11, 12, 13, 14, 15, 16, 17, 18, 19, 20, 21, 22, 23, 24, 25, 26, 27, 28, 29, 30, 31, 32, 33, 34, 35, 36, 37, 38, 39, 40, 41, 42, 43, 48 added in variable: CW1_CHILAGE_1_1"
"2","Warning: Undeclared level(s) 0, 0.5, 0.7, 1, 2, 3, 3.5, 4, 5, 6, 7, 8, 8.5, 9, 10, 11, 12, 13, 14, 15, 16, 17, 18, 19, 20, 21, 22, 23, 24, 25, 26, 27, 28, 29, 30, 31, 32, 33, 34, 35, 36, 37, 38, 39, 40, 45 added in variable: CW1_CHILAGE_2_1"
"2","Warning: Undeclared level(s) 0, 0.5, 1, 2, 3, 4, 5, 6, 7, 8, 9, 10, 11, 12, 13, 14, 15, 16, 17, 18, 19, 20, 21, 22, 23, 24, 25, 26, 27, 28, 29, 30, 31, 32, 33 added in variable: CW1_CHILAGE_3_1"
"2","Warning: Undeclared level(s) 0, 1, 2, 3, 4, 5, 6, 7, 8, 9, 10, 11, 12, 13, 14, 15, 16, 17, 18, 19, 20, 21, 22, 23, 24, 25, 26, 27, 28, 31, 32 added in variable: CW1_CHILAGE_4_1"
"2","Warning: Undeclared level(s) 0, 1, 2, 3, 5, 6, 7, 8, 9, 10, 11, 12, 13, 14, 15, 16, 17, 18, 19, 20, 21, 22, 23, 24, 27 added in variable: CW1_CHILAGE_5_1"
"2","Warning: Undeclared level(s) 1, 2, 5, 6, 8, 9, 10, 12, 13, 14, 17, 18, 25, 28 added in variable: CW1_CHILAGE_6_1"
"2","Warning: Undeclared level(s) 4, 10, 17 added in variable: CW1_CHILAGE_7_1"
"2","Warning: Undeclared level(s) 14 added in variable: CW1_CHILAGE_8_1"
"2","Warning: Undeclared level(s) 2 added in variable: CW1_CHILAGE_10_1"
"2","Warning: Undeclared level(s) 1, 2, 3, 4, 5, 6, 7, 8, 9, 10, 11, 12, 13, 14, 15, 16, 17, 19, 20, 23, 50 added in variable: CW1_NUMROOMS"
"2","Warning: Undeclared level(s) 0, 1, 2, 3, 4, 4.5, 5, 5.5, 6, 6.5, 7, 7.4, 7.5, 8, 8.5, 9, 10, 10.5, 11, 11.5, 12, 12.5, 13, 13.5, 14, 14.5, 15, 15.5, 16, 16.5, 17, 17.5, 18, 18.2, 18.5, 19, 19.5, 20, 21, 21.5, 21.9, 22, 22.2, 22.5, 23, 23.5, 24, 24.5, 25, 25.5, 26, 26.5, 27, 27.5, 28, 28.5, 29, 29.4, 29.5, 29.6, 30, 30.5, 31, 31.3, 31.5, 32, 32.5, 33, 33.5, 33.8, 34, 34.5, 35, 35.5, 36, 36.5, 37, 37.4, 37.5, 38, 38.5, 39, 39.5, 40, 40.5, 41, 41.5, 42, 42.5, 43, 44, 44.5, 45, 46, 46.5, 47, 47.5, 48, 48.5, 49, 50, 52, 53, 53.5, 54, 55, 56, 57, 58, 59, 60, 62, 63, 64, 65, 66, 70, 72, 75, 77, 80, 84, 90, 96, 98, 100, 105, 168 added in variable: CW1_WRKHOURSB"
"2","Warning: Undeclared level(s) 1, 2, 3, 4, 5, 6, 7, 8, 9 added in variable: CW1_LEARNSATISFACTION_1"
"2","Warning: Undeclared level(s) 1, 2, 3, 4, 5, 6, 7, 8, 9 added in variable: CW1_LEARNSATISFACTION_2"
"2","Warning: Undeclared level(s) 0, 1, 1.5, 2, 2.5, 3, 4, 4.5, 5, 5.5, 6, 6.5, 7, 7.5, 8, 8.5, 9, 9.5, 10, 11, 11.5, 12, 13, 14, 14.5, 15, 15.5, 16, 16.5, 17, 17.5, 18, 18.5, 19, 19.5, 20, 20.5, 21, 21.5, 22, 22.5, 23, 23.5, 24, 24.5, 25, 25.5, 26, 27, 27.5, 28, 28.5, 29, 29.5, 29.6, 30, 30.5, 31, 31.3, 31.5, 32, 32.5, 33, 33.5, 34, 34.5, 35, 35.5, 36, 36.5, 37, 37.4, 37.5, 37.7, 38, 38.5, 38.6, 39, 39.5, 40, 41, 41.5, 42, 42.5, 43, 44, 45, 46, 46.2, 46.5, 47, 47.5, 48, 49, 49.5, 50, 51, 52, 53, 53.5, 54, 55, 56, 57, 58, 59, 60, 62, 63, 64, 65, 66, 68, 70, 72, 74, 75, 77, 80, 82, 84, 90, 92, 98, 100, 105, 168 added in variable: CW1_WRKHOURSD"
"2","Warning: Undeclared level(s) 0, 1, 2, 3, 4, 4.5, 5, 6, 7, 7.5, 8, 8.5, 9, 10, 11, 12, 12.5, 13, 14, 15, 16, 16.5, 17, 17.5, 18, 18.5, 19, 19.5, 20, 20.5, 21, 21.5, 22, 22.5, 23, 23.5, 24, 24.5, 25, 25.5, 26, 26.5, 27, 27.5, 28, 28.5, 29, 30, 30.5, 31, 32, 32.5, 33, 34, 34.5, 35, 36, 36.5, 36.9, 37, 37.5, 38, 38.5, 38.6, 39, 39.5, 40, 40.5, 41, 42, 42.5, 43, 43.5, 44, 45, 46, 47, 47.5, 48, 49, 50, 52, 52.5, 53, 54, 55, 56, 57, 58, 60, 63, 64, 65, 66, 68, 68.5, 70, 72, 75, 77, 80, 84, 85, 86, 90, 96, 100, 160, 168 added in variable: CW1_PWRKHOURSB"
"2","Warning: Undeclared level(s) 0, 1, 1.5, 2, 3, 4, 5, 6, 6.5, 7, 7.5, 8, 8.5, 9, 10, 11, 12, 12.5, 13, 14, 15, 16, 16.5, 17, 17.5, 18, 18.5, 19, 20, 21, 21.5, 22, 22.5, 23, 23.5, 24, 24.5, 25, 25.5, 26, 26.5, 27, 27.5, 28, 28.5, 29, 30, 31, 32, 32.5, 33, 34, 34.5, 35, 36, 36.5, 36.9, 37, 37.5, 37.7, 38, 38.5, 38.6, 39, 39.5, 40, 41, 42, 42.5, 43, 44, 45, 46, 47, 47.5, 48, 49, 50, 52, 52.5, 54, 55, 56, 58, 60, 63, 64, 65, 70, 72, 75, 78, 80, 84, 85, 86, 87, 90, 96, 100, 110, 160, 168 added in variable: CW1_PWRKHOURSD"
"2","Warning: Undeclared level(s) 1, 2, 3, 4, 5, 6, 7, 8, 9, 10, 11, 12, 13, 14, 15, 16, 17, 18, 20, 25, 29, 30, 40, 50, 60, 99 added in variable: CW1_NUMCIGSPP"
"2","Warning: Undeclared level(s) 0, 1, 2, 3, 4, 5, 6, 7, 8, 9, 10, 11, 12, 13, 14, 15, 16, 17, 18, 20, 23, 25, 27, 28, 29, 30, 35, 40, 45, 50, 60, 70, 80, 99 added in variable: CW1_NUMCIGSSP"
"2","Warning: Undeclared level(s) 0, 1, 2, 3, 4, 5, 6, 7 added in variable: CW1_EXCISEPP"
"2","Warning: Undeclared level(s) 0, 1, 2, 3, 4, 5, 6, 7, 8, 9, 10, 14, 15, 16, 18, 20 added in variable: CW1_EXCISESP"
"2","Warning: Undeclared level(s) 0, 0.5, 1, 1.5, 2, 2.5, 3, 3.5, 4, 5, 6, 7, 8, 9, 10, 11, 12, 13, 14, 15, 17, 20, 21, 25, 26, 28, 30, 35, 40, 44, 50, 80, 100, 140 added in variable: CW1_FRTVEGPP"
"2","Warning: Undeclared level(s) 0, 0.5, 1, 1.5, 2, 3, 4, 5, 6, 7, 8, 9, 10, 11, 12, 13, 14, 15, 20, 21, 25, 28, 30, 50, 70, 80, 140, 150 added in variable: CW1_FRTVEGSP"
"2","Warning: Undeclared level(s) 1, 2, 3, 4, 5, 6, 7, 8, 9, 10, 11, 12, 13, 15, 23 added in variable: CW1_HSLEEPPP"
"2","Warning: Undeclared level(s) 1, 2, 3, 4, 5, 6, 7, 8, 9, 10, 11, 12, 13, 14, 15, 16, 17, 24 added in variable: CW1_HSLEEPSP"
"2","Warning: Undeclared level(s) 20, 22, 23, 26, 38, 39, 40, 41, 42, 43, 44, 45, 46, 47, 48, 49, 50, 51, 52, 53, 54, 55, 56, 57, 58, 59, 60, 61, 62, 63, 64, 65, 66, 67, 68, 69, 70, 71, 72, 73, 74, 75, 76, 77, 78, 79, 80, 81, 82, 83, 84, 85, 86, 87, 88, 89, 90, 91, 92, 93, 94, 95, 96, 97, 98, 99, 100, 101, 102, 103, 104, 105, 106, 107, 108, 109, 110, 111, 112, 113, 114, 115, 116, 117, 118, 119, 120, 121, 122, 123, 124, 125, 127, 128, 129, 130, 132, 134, 135, 136, 140, 142, 148, 150, 154, 157, 158, 159, 160, 161, 163, 164, 167, 170, 172, 174, 175, 176, 180, 185, 186, 188, 190, 198, 204, 236 added in variable: CW1_WGHTKG"
"2","Warning: Undeclared level(s) 4, 5, 6, 7, 8, 9, 10, 11, 12, 13, 14, 15, 16, 17, 18, 19, 20, 21, 22, 23, 24, 25, 26, 27, 35, 140, 192 added in variable: CW1_WGHTSTP_4"
"2","Warning: Undeclared level(s) 0, 1, 2, 3, 4, 5, 6, 7, 8, 9, 10, 11, 12, 13, 14, 15, 24, 27, 30, 53, 84, 90, 96, 112, 117, 122, 124, 126, 130, 132, 135, 140, 144, 148, 150, 151, 154, 155, 156.8, 162, 163, 165, 170, 172, 177, 180, 181, 182, 185, 194, 196, 200, 203, 205, 218, 220, 225, 235, 239, 288 added in variable: CW1_WGHTSTP_5"
"2","Warning: Undeclared level(s) 1, 2, 3, 4, 5, 6, 7, 8, 9 added in variable: CW1_SATN"
"2","Warning: Undeclared level(s) 0.15198183825308, 0.151981856863378, 0.151981881060987, 0.151981882015985, 0.151981943324264, 0.151981943324264, 0.151981943324264, 0.196456906931692, 0.196456906931692, 0.196456906931692, 0.197368486215932, 0.197368486215932, 0.197368486215932, 0.197368493891005, 0.227972914986396, 0.227972914986396, 0.243715062524953, 0.243715062524953, 0.243715062524953, 0.243715078931396, 0.246782030709697, 0.246782084876397, 0.246782112898629, 0.246782112898629, 0.246782122495251, 0.279872412333543, 0.280712576483895, 0.280712677062554, 0.280712770551838, 0.280712770551838, 0.280712770551838, 0.280712789448898, 0.294685360397537, 0.294685360397537, 0.294685360397537, 0.296052729323898, 0.296052729323898, 0.365572593787429, 0.365572593787429, 0.365572593787429, 0.370173169347943, 0.370173169347943, 0.370173169347943, 0.370173338170319, 0.421069155827757, 0.421069155827757, 0.421069155827757, 0.695579070306275, 0.801033231477794, 0.910857816487822, 0.91085811984229, 0.91085811984229, 0.91085811984229, 0.91085811984229, 0.91085811984229, 0.994593937077361, 1.01144178154695, 1.050387705694, 1.07831396545088, 1.09436030422247, 1.11920241387626, 1.12966224951997, 1.1416799330255, 1.17722697581554, 1.17931773301535, 1.20756999086617, 1.21118426752656, 1.23235881765814, 1.24493390763425, 1.24747978474597, 1.28028388278929, 1.28852100335871, 1.29233361345084, 1.29466909495547, 1.36628665163045, 1.36628717976343, 1.36628717976343, 1.36628717976343, 1.36628717976344, 1.46615738767485, 1.53311305291995, 2.06495676032428, 2.25932449903993, 2.3296948065197 added in variable: CW1_DESIGNWEIGHT"
"2","Warning: Duplicated levels in factor CW1_DESIGNWEIGHT: 0.151981943324264, 0.151981943324264, 0.196456906931692, 0.196456906931692, 0.197368486215932, 0.197368486215932, 0.227972914986396, 0.243715062524953, 0.243715062524953, 0.246782112898629, 0.280712770551838, 0.280712770551838, 0.294685360397537, 0.294685360397537, 0.296052729323898, 0.365572593787429, 0.365572593787429, 0.370173169347943, 0.370173169347943, 0.421069155827757, 0.421069155827757, 0.91085811984229, 0.91085811984229, 0.91085811984229, 0.91085811984229, 1.36628717976343, 1.36628717976343"
"2","Warning: Undeclared level(s) 10101, 10102, 10103, 10104, 10105, 10201, 10202, 10203, 10204, 10205, 10206, 10207, 10208, 10209, 10302, 10303, 10305, 10306, 10307, 10309, 10310, 10311, 10312, 10313, 10401, 10402, 10404, 10405, 10406, 10407, 10408, 10409, 10410, 10411, 10412, 10413, 10414, 10416, 10418, 10420, 10421, 10422, 10423, 10424, 10425, 10426, 10427, 10428, 10429, 10430, 10431, 10432, 10433, 10434, 10436, 10437, 10439, 10440, 10441, 10501, 10502, 10503, 10601, 10602, 10701, 10702, 10801, 10802, 10803, 10804, 10805, 10806, 10807, 10808, 10809, 10810, 10811, 10812, 10813, 10814, 10815, 10816, 10817, 10818, 10819, 10820, 10821, 10822, 10823, 10824, 10825, 10826, 10827, 10828, 10829, 10830, 10832, 10833, 10834, 10835, 10836, 10837, 10838, 10839, 10840, 10841, 10842, 10843, 10844, 10845, 10846, 10847, 10848, 10849, 10850, 10851, 10852, 10853, 10854, 10855, 10856, 10901, 10902, 10903, 10904, 10905, 10906, 10907, 10908, 10909, 10910, 10912, 10913, 10914, 11001, 11002, 11003, 11004, 11005, 11006, 11007, 11008, 11009, 11010, 11011, 11012, 11013, 11015, 11016, 11017, 11018, 11019, 11020, 11021, 11022, 11023, 11024, 11025, 11026, 11027, 11028, 11029, 11031, 11032, 11034, 11035, 11036, 11037, 11038, 11039, 11040, 11041, 11042, 11043, 11044, 11045, 11046, 11047, 11048, 11101, 11102, 11201, 11202, 11203, 11205, 11301, 11302, 11303, 11304, 11305, 11306, 11307, 11308, 11309, 11310, 11311, 11312, 11313, 11314, 11315, 11316, 11317, 11318, 11319, 11320, 11321, 11322, 11323, 11324, 11401, 11402, 11403, 11404, 11405, 11406, 11407, 11408, 11409, 11410, 11411, 11412, 11414, 11415, 11416, 11417, 11418, 11419, 11420, 11421, 11422, 11423, 11425, 11426, 11427, 11428, 11429, 11430, 11431, 11432, 11433, 11434, 11435, 11436, 11437, 11438, 11439, 11440, 11441, 11443, 11444, 11445, 11446, 11447, 11448, 11449, 11450, 11453, 11454, 11455, 11456, 11457, 11501, 11502, 11601, 11602, 11603, 11701, 11702, 11703, 11704, 11705, 11706, 11707, 11708, 11710, 11711, 11712, 11713, 11714, 11715, 11716, 11717, 11718, 11719, 11720, 11721, 11722, 11723, 11724, 11725, 11726, 11727, 11728, 11729, 11730, 11731, 11732, 11734, 11735, 11736, 11737, 11738, 11739, 11740, 11741, 11742, 11743, 11744, 11745, 11747, 11748, 11749, 11750, 11751, 11752, 11753, 11754, 11755, 11756, 11757, 11758, 11759, 11760, 11761, 11762, 11763, 11801, 11802, 11803, 11805, 11806, 11807, 11808, 11809, 11810, 11811, 11812, 11813, 11901, 11902, 11903, 11904, 11905, 11906, 11907, 12001, 12002, 12003, 12004, 12005, 12006, 12007, 12008, 12009, 12010, 12011, 12012, 12013, 12014, 12015, 12016, 12017, 12018, 12019, 12020, 12021, 12022, 12023, 12024, 12025, 12026, 12027, 12028, 12029, 12030, 12031, 12032, 12033, 12034, 12035, 12036, 12037, 12038, 12039, 12040, 12041, 12042, 12101, 12102, 12201, 12202, 12301, 12302, 12303, 12305, 12306, 12307, 12308, 12309, 12311, 12312, 12313, 12314, 12315, 12316, 12319, 12320, 12321, 12322, 12323, 12324, 12325, 12326, 12327, 12328, 12329, 12331, 12332, 12333, 12334, 12336, 12337, 12338, 12339, 12340, 12341, 12342, 12344, 12345, 12346, 12347, 12348, 12349, 12350, 12351, 12352, 12353, 12354, 12355, 12356, 12357, 12358, 12359, 12360, 12401, 12402, 12403, 12404, 12501, 12502, 12503, 12504, 12505, 12506, 12507, 12508, 12509, 12510, 12511, 12512, 12513, 12514, 12515, 12516, 12518, 12519, 12520, 12521, 12522, 12523, 12524, 12525, 12526, 12527, 12528, 12529, 12530, 12531, 12532, 12533, 12534, 12535, 12536, 12537, 12538, 12539, 12540, 12541, 12542, 12543, 12544, 12545, 12546, 12601, 12603, 12605, 12701, 12702, 12703, 12803, 12804, 12806, 12807, 12808, 12809, 12810, 12811, 12812, 12814, 12816, 12818, 12819, 12820, 12821, 12822, 12825, 12826, 12827, 12903, 12905, 12906, 12907, 12908, 12909, 12910, 12911, 12913, 13001, 13002, 13003, 13004, 13101, 13102, 13104, 13106, 13107, 13108, 13110, 13111, 13115, 13117, 13118, 13119, 13120, 13121, 13122, 13124, 13201, 13202, 13203, 13401, 13402, 13406, 13407, 13409, 13410, 13411, 13412, 13413, 13501, 13503, 13504, 13505, 13506, 13507, 13508, 13509, 13510, 13515, 13601, 13602, 13603, 13604, 13605, 13607, 13701, 13702, 13703, 13704, 13705, 13706, 13707, 13708, 13709, 13710, 13711, 13801, 13802, 13803 added in variable: CW1_SAMPPSU"
"2","Warning: Undeclared level(s) 101, 102, 103, 104, 105, 106, 107, 108, 109, 110, 111, 112, 113, 114, 115, 116, 117, 118, 119, 120, 121, 122, 123, 124, 125, 126, 127, 128, 129, 130, 131, 132, 134, 135, 136, 137, 138 added in variable: CW1_SAMPSTRATUM"
"2","Warning: Undeclared level(s) 1, 2, 3, 4, 5, 6, 7, 8, 9 added in variable: CW1_PTTYPE2"
"2","Warning: Undeclared level(s) 101, 102, 103, 105, 106, 107, 108, 109, 110, 111, 112, 113, 114, 115, 116, 117, 118, 119, 120, 123, 125, 127, 128, 129, 131, 132, 133, 134, 135, 136, 137, 138, 139, 140, 141, 143, 144, 145, 148, 149, 150, 151, 152, 154, 155, 156, 158, 160, 161, 162, 163, 164, 165, 166, 167, 168, 169, 170, 171, 172, 173, 174, 175, 176, 179, 180, 182, 183, 184, 185, 186, 187, 188, 189, 192, 193, 195, 198, 199, 201, 203, 204, 205, 206, 208, 211, 212, 213, 214, 215, 216, 218, 219, 220, 221, 222, 223, 224, 225, 226, 227, 228, 229, 230, 231, 232, 233, 234, 235, 236, 237, 238, 239, 240, 241, 242, 243, 244, 245, 246, 247, 248, 249, 250, 251, 252, 253, 254, 255, 256, 257, 258, 259, 260, 261, 262, 263, 264, 265, 266, 267, 268, 269, 270, 271, 272, 273, 274, 275, 276, 277, 278, 279, 280, 281, 282, 283, 284, 285, 286, 287, 288, 289, 290, 291, 292, 293, 294, 295, 296, 297, 298, 299, 300, 301, 302, 303, 304, 305, 306, 307, 308, 309, 310, 312, 313, 314, 315, 316, 317, 318, 319, 320, 321, 322, 323, 324, 325, 326, 402, 403, 405, 406, 407, 408, 409, 410, 411, 412, 413, 414, 415, 416, 417, 420, 421, 422, 424, 425, 426, 428, 429, 431, 432, 433, 436, 437, 438, 439, 440, 441, 443, 444, 446, 447, 449, 451, 452, 453, 455, 456, 457, 458, 459, 460, 463, 465, 466, 467, 468, 469, 470, 471, 472, 473, 474, 475, 476, 479, 480, 481, 482, 483, 484, 485, 486, 487, 488, 489, 490, 491, 492, 502, 503, 505, 506, 507, 508, 509, 510, 511, 512, 514, 515, 516, 517, 518, 519, 520, 521, 522, 523, 524, 525, 526, 527, 528, 529, 530, 531, 532, 533, 534, 535, 536, 538, 539, 540, 541, 542, 543, 544, 545, 546, 548, 549, 550, 551, 552, 553, 554, 555, 556, 557, 558, 559, 560, 561, 562, 563, 564, 800, 801, 802, 804, 805, 807, 808, 809, 810, 811, 812, 813, 814, 815, 816, 817, 818, 820, 821, 823, 824, 825, 826, 828, 829, 830, 831, 832, 833, 834, 835, 836, 837, 839, 840, 841, 842, 843, 845, 847, 848, 849, 850, 851, 852, 855, 856, 857, 858, 859, 861, 862, 863, 864, 865, 867, 868, 869, 870, 871 added in variable: CW1_SPTN00"
"2","Warning: Undeclared level(s) 169, 242, 258, 274, 345, 409, 709, 1853, 5289 added in variable: CW1_NH2"
"2","Warning: Undeclared level(s) 0.23, 0.25, 0.37, 0.47, 0.57, 0.62, 0.93, 1.09, 2 added in variable: CW1_WEIGHT2"
"2","Warning: Undeclared level(s) 0.0580407790839672, 0.0694394037127495, 0.070856399834156, 0.0709084570407867, 0.0716182217001915, 0.0732324942946434, 0.0732825174927711, 0.0741099938750267, 0.0749553665518761, 0.0763474255800247, 0.0767655968666077, 0.0772390812635422, 0.0784524381160736, 0.0815558433532715, 0.0816376805305481, 0.0816458910703659, 0.0818623751401901, 0.0819820091128349, 0.0822160616517067, 0.0822547301650047, 0.082603394985199, 0.0833486765623093, 0.0834742784500122, 0.0840053558349609, 0.0843460932374001, 0.0846332609653473, 0.0850584432482719, 0.08514304459095, 0.0851590484380722, 0.0855907276272774, 0.0858177244663239, 0.0861731469631195, 0.0861746743321419, 0.0861930847167969, 0.0866684466600418, 0.0867284461855888, 0.0870962142944336, 0.0875004231929779, 0.0880649536848068, 0.0887717604637146, 0.0895645767450333, 0.0906463861465454, 0.0907809659838676, 0.0909398943185806, 0.0912659987807274, 0.0917093008756638, 0.091712012887001, 0.0920058861374855, 0.092133991420269, 0.0926511287689209, 0.0932187885046005, 0.0937611758708954, 0.0941277667880058, 0.0941377952694893, 0.0942980051040649, 0.0943896695971489, 0.0946075469255447, 0.0948397368192673, 0.0948486849665642, 0.094952404499054, 0.0952034145593643, 0.0952172353863716, 0.0952944457530975, 0.0954766198992729, 0.0960101410746574, 0.0960752069950104, 0.0961463153362274, 0.0962048098444939, 0.0962619706988335, 0.0978536456823349, 0.098216138780117, 0.099106602370739, 0.0991253182291985, 0.0994853004813194, 0.09991105645895, 0.0999694913625717, 0.100128941237926, 0.10034965723753, 0.100912153720856, 0.101189158856869, 0.101310178637505, 0.101356014609337, 0.101508110761642, 0.10172013938427, 0.101780235767365, 0.102026365697384, 0.102173611521721, 0.102208264172077, 0.102695092558861, 0.102782942354679, 0.103449620306492, 0.103693343698978, 0.103914700448513, 0.103958733379841, 0.104484044015408, 0.104841589927673, 0.105035148561001, 0.105624414980412, 0.106060713529587, 0.106591835618019, 0.106748640537262, 0.1069330945611, 0.107201159000397, 0.107275560498238, 0.107920080423355, 0.108094818890095, 0.108386307954788, 0.108786910772324, 0.108919933438301, 0.109560713171959, 0.109716698527336, 0.110144682228565, 0.110650561749935, 0.11076558381319, 0.111728549003601, 0.112109944224358, 0.113051414489746, 0.113093346357346, 0.113360993564129, 0.113613732159138, 0.113908261060715, 0.114971332252026, 0.115798778831959, 0.115862056612968, 0.116228587925434, 0.116247087717056, 0.116643279790878, 0.117001309990883, 0.11708902567625, 0.11725752055645, 0.117751233279705, 0.117901138961315, 0.118030577898026, 0.118493035435677, 0.118655420839787, 0.118679545819759, 0.118820071220398, 0.118834257125854, 0.119092911481857, 0.119243383407593, 0.119262300431728, 0.119442872703075, 0.119859576225281, 0.120122864842415, 0.120413549244404, 0.120629444718361, 0.120811641216278, 0.121279075741768, 0.121388465166092, 0.121728576719761, 0.121797956526279, 0.122133389115334, 0.122292906045914, 0.122425749897957, 0.122976236045361, 0.123376548290253, 0.123580016195774, 0.12388214468956, 0.125037550926208, 0.125442519783974, 0.125597044825554, 0.125735938549042, 0.125772431492805, 0.125839099287987, 0.125978335738182, 0.126314416527748, 0.126369893550873, 0.1265519708395, 0.126902118325233, 0.126991435885429, 0.127219691872597, 0.128116324543953, 0.128292351961136, 0.128305122256279, 0.128735929727554, 0.129697471857071, 0.129955559968948, 0.130300596356392, 0.130324155092239, 0.130531936883926, 0.130852222442627, 0.130883753299713, 0.130972325801849, 0.131282165646553, 0.131377950310707, 0.131486833095551, 0.132049649953842, 0.132418379187584, 0.13258969783783, 0.13278740644455, 0.132866472005844, 0.13336318731308, 0.133798912167549, 0.133866176009178, 0.134153142571449, 0.134590372443199, 0.135040283203125, 0.135211750864983, 0.136149287223816, 0.136254534125328, 0.136520609259605, 0.136878713965416, 0.136888653039932, 0.137333810329437, 0.137337505817413, 0.137797296047211, 0.138201430439949, 0.138738736510277, 0.138864114880562, 0.139015436172485, 0.139052003622055, 0.139182239770889, 0.13940055668354, 0.139452889561653, 0.139580652117729, 0.139856770634651, 0.140333816409111, 0.14054012298584, 0.140748172998428, 0.140971675515175, 0.14130100607872, 0.141488760709763, 0.141720652580261, 0.142277166247368, 0.142811506986618, 0.142900481820107, 0.143321305513382, 0.143337264657021, 0.143526121973991, 0.144108176231384, 0.144126236438751, 0.144260287284851, 0.14426264166832, 0.144411936402321, 0.144434943795204, 0.144910931587219, 0.145342871546745, 0.145385280251503, 0.145805969834328, 0.146146580576897, 0.146151915192604, 0.146274387836456, 0.146350845694542, 0.146506160497665, 0.146572023630142, 0.146754637360573, 0.1468465924263, 0.146924242377281, 0.146953612565994, 0.147344022989273, 0.147595152258873, 0.148219108581543, 0.148233890533447, 0.148298218846321, 0.148377478122711, 0.14892889559269, 0.150288686156273, 0.150574043393135, 0.151740863919258, 0.152121424674988, 0.152579501271248, 0.152957960963249, 0.153263345360756, 0.153455525636673, 0.153739139437675, 0.153787940740585, 0.15396685898304, 0.154514849185944, 0.154614955186844, 0.154956609010696, 0.155133590102196, 0.155174285173416, 0.155178755521774, 0.155712485313416, 0.156255006790161, 0.156400233507156, 0.15659561753273, 0.156596660614014, 0.156619712710381, 0.156945496797562, 0.157090663909912, 0.157654449343681, 0.157790184020996, 0.158278226852417, 0.158690929412842, 0.158732578158379, 0.158799454569817, 0.158871054649353, 0.158939674496651, 0.159053474664688, 0.159241557121277, 0.15974922478199, 0.159844189882278, 0.160502433776855, 0.160576894879341, 0.160687699913979, 0.161584630608559, 0.162204161286354, 0.162440776824951, 0.162492334842682, 0.162714928388596, 0.162913858890533, 0.163582399487495, 0.163661867380142, 0.163865581154823, 0.164048507809639, 0.164467886090279, 0.164804622530937, 0.164958879351616, 0.165816307067871, 0.166134253144264, 0.16669075191021, 0.166800633072853, 0.167330518364906, 0.167612418532372, 0.16841359436512, 0.168536931276321, 0.168643221259117, 0.168810099363327, 0.169202730059624, 0.169427558779716, 0.169909566640854, 0.170165851712227, 0.170306369662285, 0.170440465211868, 0.170912221074104, 0.171468317508698, 0.171655878424644, 0.171839371323586, 0.172030359506607, 0.172129258513451, 0.172456607222557, 0.172463804483414, 0.172548085451126, 0.172774419188499, 0.172816902399063, 0.172993049025536, 0.173175305128098, 0.173353478312492, 0.173527881503105, 0.174480438232422, 0.174533545970917, 0.174724951386452, 0.174808472394943, 0.175032317638397, 0.175172135233879, 0.175430923700333, 0.175775498151779, 0.176207363605499, 0.1767598092556, 0.176833346486092, 0.176939204335213, 0.177405878901482, 0.177614137530327, 0.177791595458984, 0.178118973970413, 0.178153410553932, 0.178353145718575, 0.178592383861542, 0.178775891661644, 0.178859934210777, 0.179026439785957, 0.179056242108345, 0.179444864392281, 0.180152297019958, 0.180781170725822, 0.181007534265518, 0.181294173002243, 0.182224810123444, 0.18230015039444, 0.182404518127441, 0.182604357600212, 0.182647719979286, 0.182996869087219, 0.183243006467819, 0.183313280344009, 0.183350667357445, 0.183358862996101, 0.183635219931602, 0.183914557099342, 0.184067666530609, 0.184154167771339, 0.184226050972939, 0.184342473745346, 0.184477716684341, 0.184583365917206, 0.18464370071888, 0.184937968850136, 0.185104310512543, 0.1851696819067, 0.185507208108902, 0.185594350099564, 0.185737818479538, 0.185988828539848, 0.186813056468964, 0.18725897371769, 0.187802225351334, 0.187874168157578, 0.187939912080765, 0.188347473740578, 0.188385650515556, 0.188916027545929, 0.189155891537666, 0.189198791980743, 0.189602017402649, 0.190576002001762, 0.190580204129219, 0.190643459558487, 0.190810009837151, 0.191122680902481, 0.191189736127853, 0.191258907318115, 0.191423386335373, 0.191481441259384, 0.191641107201576, 0.191904097795486, 0.192423135042191, 0.192561879754066, 0.192971557378769, 0.193505764007568, 0.193810299038887, 0.19382007420063, 0.193855077028275, 0.194063127040863, 0.194201290607452, 0.194342076778412, 0.194442138075829, 0.194720908999443, 0.1948"
"0","summary(W01)"
"1",""
"1","    NCDSID         "
"1","    BCSID          "
"1","     NSID          "
"1","
"
"1"," Length:16775      "
"1"," Length:16775      "
"1"," Length:16775      "
"1","
"
"1"," Class :character  "
"1"," Class :character  "
"1"," Class :character  "
"1","
"
"1"," Mode  :character  "
"1"," Mode  :character  "
"1"," Mode  :character  "
"1","
"
"1",""
"1","    MCSID          "
"1","                           CW1_CNUM00   "
"1","
"
"1"," Length:16775      "
"1"," 1st Cohort Member of the family: 2606  "
"1","
"
"1"," Class :character  "
"1"," 2nd Cohort Member of the family:   33  "
"1","
"
"1"," Mode  :character  "
"1"," 3rd Cohort Member of the family:    0  "
"1","
"
"1",""
"1","   CW1_PNUM00   "
"1","      CW1_COHORT  "
"1","   CW1_PSEX    "
"1","
"
"1"," 1      : 1899  "
"1"," NCDS      :5177  "
"1"," Male  : 6534  "
"1","
"
"1"," 2      :  863  "
"1"," BCS70     :4223  "
"1"," Female:10241  "
"1","
"
"1"," 3      :   23  "
"1"," Next Steps:1907  "
"1","               "
"1","
"
"1",""
"1","      CW1_EMIGRANT  "
"1","  CW1_ENDDATE    "
"1","
"
"1"," Lives in UK:16352  "
"1"," Min.   : 4.000  "
"1","
"
"1"," Emigrated  :  423  "
"1"," 1st Qu.: 5.000  "
"1","
"
"1","                    "
"1"," Median : 7.000  "
"1","
"
"1",""
"1","                                                    CW1_COVID19   "
"1","
"
"1"," Yes, confirmed by a positive test                        :   69  "
"1","
"
"1"," Yes, based on strong personal suspicion or medical advice: 1215  "
"1","
"
"1"," Unsure                                                   : 3559  "
"1","
"
"1",""
"1"," CW1_COVIDSYMPT_1"
"1"," CW1_COVIDSYMPT_2"
"1"," CW1_COVIDSYMPT_3"
"1","
"
"1"," Yes :  442      "
"1"," Yes : 1404      "
"1"," Yes : 1502      "
"1","
"
"1"," No  :16144      "
"1"," No  :15182      "
"1"," No  :15085      "
"1","
"
"1"," NA's:  189      "
"1"," NA's:  189      "
"1"," NA's:  188      "
"1","
"
"1",""
"1"," CW1_COVIDSYMPT_4"
"1"," CW1_COVIDSYMPT_5"
"1"," CW1_COVIDSYMPT_6"
"1","
"
"1"," Yes : 1964      "
"1"," Yes : 1110      "
"1"," Yes : 1091      "
"1","
"
"1"," No  :14622      "
"1"," No  :15476      "
"1"," No  :15495      "
"1","
"
"1"," NA's:  189      "
"1"," NA's:  189      "
"1"," NA's:  189      "
"1","
"
"1",""
"1"," CW1_COVIDSYMPT_7"
"1"," CW1_COVIDSYMPT_8"
"1"," CW1_COVIDSYMPT_18"
"1","
"
"1"," Yes : 2907      "
"1"," Yes : 1779      "
"1"," Yes : 3478       "
"1","
"
"1"," No  :13679      "
"1"," No  :14809      "
"1"," No  :13109       "
"1","
"
"1"," NA's:  189      "
"1"," NA's:  187      "
"1"," NA's:  188       "
"1","
"
"1",""
"1"," CW1_COVIDSYMPT_10"
"1"," CW1_COVIDSYMPT_11"
"1"," CW1_COVIDSYMPT_12"
"1","
"
"1"," Yes : 2056       "
"1"," Yes : 2746       "
"1"," Yes :  938       "
"1","
"
"1"," No  :14530       "
"1"," No  :13840       "
"1"," No  :15648       "
"1","
"
"1"," NA's:  189       "
"1"," NA's:  189       "
"1"," NA's:  189       "
"1","
"
"1",""
"1"," CW1_COVIDSYMPT_16"
"1"," CW1_COVIDSYMPT_13"
"1"," CW1_COVIDSYMPT_14"
"1","
"
"1"," Yes :  125       "
"1"," Yes :  382       "
"1"," Yes :  410       "
"1","
"
"1"," No  :16461       "
"1"," No  :16204       "
"1"," No  :16176       "
"1","
"
"1"," NA's:  189       "
"1"," NA's:  189       "
"1"," NA's:  189       "
"1","
"
"1",""
"1"," CW1_COVIDSYMPT_17"
"1"," CW1_COVIDSYMPT_19"
"1"," CW1_COVIDSYMPT_20"
"1","
"
"1"," Yes :  366       "
"1"," Yes : 3319       "
"1"," Yes :  205       "
"1","
"
"1"," No  :16220       "
"1"," No  :13267       "
"1"," No  :16381       "
"1","
"
"1"," NA's:  189       "
"1"," NA's:  189       "
"1"," NA's:  189       "
"1","
"
"1",""
"1","            CW1_COVIDSYMPT_23"
"1"," CW1_COVIDADV_1"
"1"," CW1_COVIDADV_2"
"1","
"
"1"," No symptoms         :7984   "
"1"," Yes :  433    "
"1"," Yes :  261    "
"1","
"
"1"," Symptoms experienced:8791   "
"1"," No  : 4410    "
"1"," No  : 4582    "
"1","
"
"1","                             "
"1"," NA's:11932    "
"1"," NA's:11932    "
"1","
"
"1",""
"1"," CW1_COVIDADV_3"
"1"," CW1_COVIDADV_4"
"1"," CW1_COVIDADV_5"
"1"," CW1_COVIDADV_6"
"1","
"
"1"," Yes :  306    "
"1"," Yes :   37    "
"1"," Yes :   59    "
"1"," Yes : 3956    "
"1","
"
"1"," No  : 4537    "
"1"," No  : 4806    "
"1"," No  : 4784    "
"1"," No  :  887    "
"1","
"
"1"," NA's:11932    "
"1"," NA's:11932    "
"1"," NA's:11932    "
"1"," NA's:11932    "
"1","
"
"1",""
"1"," CW1_COVID_HOSPAD"
"1"," CW1_COVIDTEST"
"1","
"
"1"," Yes :   43      "
"1"," Yes :  444   "
"1","
"
"1"," No  : 4800      "
"1"," No  :16267   "
"1","
"
"1"," NA's:11932      "
"1"," NA's:   64   "
"1","
"
"1",""
"1","                                        CW1_COVIDRESULT "
"1","
"
"1"," Positive - it showed I had coronavirus         :   63  "
"1","
"
"1"," Negative - it showed I did not have coronavirus:  293  "
"1","
"
"1"," Inconclusive                                   :    9  "
"1","
"
"1",""
"1","      CW1_GHQ    "
"1","  CW1_GHQPRECOVID"
"1"," CW1_LLI_1   "
"1"," CW1_LLI_2   "
"1","
"
"1"," Excellent:2459  "
"1"," Excellent:2279  "
"1"," Yes :  248  "
"1"," Yes :    0  "
"1","
"
"1"," Very good:7218  "
"1"," Very good:6949  "
"1"," No  :16172  "
"1"," No  :16420  "
"1","
"
"1"," Good     :5268  "
"1"," Good     :5255  "
"1"," NA's:  355  "
"1"," NA's:  355  "
"1","
"
"1",""
"1"," CW1_LLI_3   "
"1"," CW1_LLI_4   "
"1"," CW1_LLI_5   "
"1"," CW1_LLI_6   "
"1"," CW1_LLI_7   "
"1","
"
"1"," Yes : 1952  "
"1"," Yes :  173  "
"1"," Yes :   81  "
"1"," Yes :  712  "
"1"," Yes : 2033  "
"1","
"
"1"," No  :14468  "
"1"," No  :16247  "
"1"," No  :16339  "
"1"," No  :15708  "
"1"," No  :14387  "
"1","
"
"1"," NA's:  355  "
"1"," NA's:  355  "
"1"," NA's:  355  "
"1"," NA's:  355  "
"1"," NA's:  355  "
"1","
"
"1",""
"1"," CW1_LLI_8   "
"1"," CW1_LLI_9   "
"1"," CW1_LLI_10  "
"1"," CW1_LLI_11  "
"1"," CW1_LLI_12  "
"1","
"
"1"," Yes : 1083  "
"1"," Yes : 2092  "
"1"," Yes :  343  "
"1"," Yes : 1898  "
"1"," Yes : 1483  "
"1","
"
"1"," No  :15337  "
"1"," No  :14330  "
"1"," No  :16077  "
"1"," No  :14522  "
"1"," No  :14937  "
"1","
"
"1"," NA's:  355  "
"1"," NA's:  353  "
"1"," NA's:  355  "
"1"," NA's:  355  "
"1"," NA's:  355  "
"1","
"
"1",""
"1"," CW1_LLI_13  "
"1"," CW1_LLI_14  "
"1"," CW1_LLI_15  "
"1"," CW1_LLI_16  "
"1"," CW1_LLI_17 "
"1","
"
"1"," Yes :   34  "
"1"," Yes :  130  "
"1"," Yes :   96  "
"1"," Yes :  163  "
"1"," No  :8434  "
"1","
"
"1"," No  :16386  "
"1"," No  :16290  "
"1"," No  :16324  "
"1"," No  :16257  "
"1"," Yes :7988  "
"1","
"
"1"," NA's:  355  "
"1"," NA's:  355  "
"1"," NA's:  355  "
"1"," NA's:  355  "
"1"," NA's: 353  "
"1","
"
"1",""
"1"," CW1_SURGCAN "
"1"," CW1_SHIELD  "
"1","         CW1_COMPLIANC "
"1"," CW1_Timeuse1_1_1"
"1","
"
"1"," Yes : 2210  "
"1"," Yes :  791  "
"1"," Fully compliant:9279  "
"1"," 0      :7738    "
"1","
"
"1"," No  :14544  "
"1"," No  :15892  "
"1"," 9              :4449  "
"1"," 8      :2579    "
"1","
"
"1"," NA's:   21  "
"1"," NA's:   92  "
"1"," 8              :1957  "
"1"," 7      :1120    "
"1","
"
"1",""
"1"," CW1_Timeuse1_2_1"
"1"," CW1_Timeuse1_3_1"
"1"," CW1_Timeuse1_4_1"
"1","
"
"1"," 0      :14648   "
"1"," 0      :14166   "
"1"," 0      :12758   "
"1","
"
"1"," 1      :  772   "
"1"," 1      :  763   "
"1"," 1      : 1381   "
"1","
"
"1"," 2      :  269   "
"1"," 2      :  387   "
"1"," 2      :  818   "
"1","
"
"1",""
"1"," CW1_Timeuse1_5_1"
"1"," CW1_Timeuse1_6_1"
"1"," CW1_Timeuse1_7_1"
"1","
"
"1"," 0      :14086   "
"1"," 1      :5657    "
"1"," 0      :13423   "
"1","
"
"1"," 1      :  900   "
"1"," 2      :3768    "
"1"," 1      :  995   "
"1","
"
"1"," 2      :  367   "
"1"," 0      :1737    "
"1"," 2      :  504   "
"1","
"
"1",""
"1"," CW1_Timeuse1_8_1"
"1"," CW1_Timeuse1_9_1"
"1"," CW1_Timeuse1_10_1"
"1","
"
"1"," 1      :8071    "
"1"," 2      :2729    "
"1"," 1      :7746     "
"1","
"
"1"," 0      :2962    "
"1"," 3      :2318    "
"1"," 0      :3806     "
"1","
"
"1"," 2      :2356    "
"1"," 4      :1976    "
"1"," 2      :1920     "
"1","
"
"1",""
"1"," CW1_Timeuse1_11_1"
"1"," CW1_Timeuse1_12_1"
"1"," CW1_Timeuse1_13_1"
"1","
"
"1"," 0      :14814    "
"1"," 0      :13293    "
"1"," 0      :7757     "
"1","
"
"1"," 1      :  851    "
"1"," 1      : 2120    "
"1"," 1      :6065     "
"1","
"
"1"," 2      :  200    "
"1"," 2      :  371    "
"1"," 2      :1394     "
"1","
"
"1",""
"1"," CW1_Timeuse1_14_1"
"1"," CW1_Timeuse1_15_1"
"1"," CW1_Timeuse1_16_1"
"1","
"
"1"," 1      :10558    "
"1"," 0      :15557    "
"1"," 0      :14796    "
"1","
"
"1"," 0      : 1869    "
"1"," 1      :   97    "
"1"," 1      :  342    "
"1","
"
"1"," 2      : 1191    "
"1"," 8      :   90    "
"1"," 2      :  240    "
"1","
"
"1",""
"1","  CW1_Timeuse2 "
"1","   CW1_HHNUM   "
"1"," CW1_HHNUMWH_1"
"1"," CW1_HHNUMWH_2"
"1","
"
"1"," 1      :6063  "
"1"," 2      :4611  "
"1"," Yes :10453   "
"1"," Yes :7252    "
"1","
"
"1"," 2      :2174  "
"1"," 4      :3850  "
"1"," No  : 5853   "
"1"," No  :9054    "
"1","
"
"1"," 0      :2154  "
"1"," 3      :3349  "
"1"," NA's:  469   "
"1"," NA's: 469    "
"1","
"
"1",""
"1"," CW1_HHNUMWH_3"
"1"," CW1_HHNUMWH_4"
"1"," CW1_HHNUMWH_5"
"1"," CW1_HHNUMWH_6"
"1","
"
"1"," Yes : 3051   "
"1"," Yes :  142   "
"1"," Yes :  203   "
"1"," Yes : 2104   "
"1","
"
"1"," No  :13255   "
"1"," No  :16164   "
"1"," No  :16103   "
"1"," No  :14202   "
"1","
"
"1"," NA's:  469   "
"1"," NA's:  469   "
"1"," NA's:  469   "
"1"," NA's:  469   "
"1","
"
"1",""
"1"," CW1_HHNUMWH_7"
"1"," CW1_HHNUMWH_8"
"1"," CW1_HHNUMWH_9"
"1"," CW1_ANYCHNL "
"1","
"
"1"," Yes :  226   "
"1"," Yes :  492   "
"1"," Yes :  319   "
"1"," Yes : 6072  "
"1","
"
"1"," No  :16080   "
"1"," No  :15814   "
"1"," No  :15987   "
"1"," No  :10200  "
"1","
"
"1"," NA's:  469   "
"1"," NA's:  469   "
"1"," NA's:  469   "
"1"," NA's:  503  "
"1","
"
"1",""
"1"," CW1_COVCHAN "
"1"," CW1_COVPART "
"1"," CW1_COVCHIL_1"
"1"," CW1_COVCHIL_2"
"1","
"
"1"," Yes : 2789  "
"1"," Yes :  172  "
"1"," Yes :  930   "
"1"," Yes :  231   "
"1","
"
"1"," No  :13431  "
"1"," No  : 1522  "
"1"," No  :  900   "
"1"," No  : 1599   "
"1","
"
"1"," NA's:  555  "
"1"," NA's:15081  "
"1"," NA's:14945   "
"1"," NA's:14945   "
"1","
"
"1",""
"1"," CW1_COVCHIL_3"
"1"," CW1_COVCHIL_4"
"1","
"
"1"," Yes :    6   "
"1"," Yes :  692   "
"1","
"
"1"," No  : 1824   "
"1"," No  : 1138   "
"1","
"
"1"," NA's:14945   "
"1"," NA's:14945   "
"1","
"
"1",""
"1","                                              CW1_COVPER   "
"1","
"
"1"," At least one parent (or in-law) moved in with resp:   56  "
"1","
"
"1"," Resp moved in with parent (or in-law)             :  306  "
"1","
"
"1"," None of these                                     :  406  "
"1","
"
"1",""
"1","                                         CW1_COVOTH   "
"1","
"
"1"," Non-parent/child hh member moved in with resp:  285  "
"1","
"
"1"," Resp moved in with non-parent/child          :   70  "
"1","
"
"1"," None of these                                :  503  "
"1","
"
"1",""
"1"," CW1_OTHRELA "
"1","      CW1_RELSAT  "
"1","
"
"1"," Yes : 2289  "
"1"," Very Happy:6086  "
"1","
"
"1"," No  : 3537  "
"1"," 6         :3488  "
"1","
"
"1"," NA's:10949  "
"1"," 5         :1762  "
"1","
"
"1",""
"1","                               CW1_RELCONFL "
"1"," CW1_CURPREG "
"1","
"
"1"," More frequent arguments with partner:1440  "
"1"," Yes :  133  "
"1","
"
"1"," No change                           :9247  "
"1"," No  :14927  "
"1","
"
"1"," Less frequent arguments with partner:2011  "
"1"," NA's: 1715  "
"1","
"
"1",""
"1","   CW1_PREDUE   "
"1","  CW1_NUMCHIL  "
"1"," CW1_CHILAGE_1_1"
"1"," CW1_CHILAGE_2_1"
"1","
"
"1"," 17     :    8  "
"1"," 2      :3053  "
"1"," 19     :1158   "
"1"," 19     :  703  "
"1","
"
"1"," 15     :    6  "
"1"," 1      :2805  "
"1"," 18     : 796   "
"1"," 18     :  482  "
"1","
"
"1"," 16     :    6  "
"1"," 3      : 962  "
"1"," 21     : 483   "
"1"," 16     :  427  "
"1","
"
"1",""
"1"," CW1_CHILAGE_3_1"
"1"," CW1_CHILAGE_4_1"
"1"," CW1_CHILAGE_5_1"
"1"," CW1_CHILAGE_6_1"
"1","
"
"1"," 15     :  141  "
"1"," 13     :   26  "
"1"," 13     :    6  "
"1"," 12     :    3  "
"1","
"
"1"," 16     :  119  "
"1"," 14     :   25  "
"1"," 15     :    6  "
"1"," 17     :    2  "
"1","
"
"1"," 19     :  117  "
"1"," 11     :   24  "
"1"," 9      :    5  "
"1"," 1      :    1  "
"1","
"
"1",""
"1"," CW1_CHILAGE_7_1"
"1"," CW1_CHILAGE_8_1"
"1"," CW1_CHILAGE_9_1"
"1"," CW1_CHILAGE_10_1"
"1","
"
"1"," 4   :    1     "
"1"," 14  :    1     "
"1"," NA's:16775     "
"1"," 2   :    1      "
"1","
"
"1"," 10  :    2     "
"1"," NA's:16774     "
"1","                "
"1"," NA's:16774      "
"1","
"
"1"," 17  :    1     "
"1","                "
"1","                "
"1","                 "
"1","
"
"1",""
"1","                                       CW1_PREC19CA  "
"1","
"
"1"," All stay at home                            :  233  "
"1","
"
"1"," All attend day care or school               :  270  "
"1","
"
"1"," Some at home and some attend day care/school:   64  "
"1","
"
"1",""
"1","                                       CW1_POSC19AC  "
"1","
"
"1"," All stay at home                            :  546  "
"1","
"
"1"," All attend day care or school               :   18  "
"1","
"
"1"," Some at home and some attend day care/school:    3  "
"1","
"
"1",""
"1"," CW1_YCATSCW_1"
"1"," CW1_YCATSCW_2"
"1"," CW1_YCATSCW_3"
"1"," CW1_YCATSCW_4"
"1","
"
"1"," Yes :   17   "
"1"," Yes :   12   "
"1"," Yes :    1   "
"1"," Yes :    2   "
"1","
"
"1"," No  :    4   "
"1"," No  :    9   "
"1"," No  :   20   "
"1"," No  :   19   "
"1","
"
"1"," NA's:16754   "
"1"," NA's:16754   "
"1"," NA's:16754   "
"1"," NA's:16754   "
"1","
"
"1",""
"1"," CW1_SCATSCH "
"1"," CW1_SCATSCHW_1"
"1"," CW1_SCATSCHW_2"
"1"," CW1_SCATSCHW_3"
"1","
"
"1"," Yes :   67  "
"1"," Yes :   40    "
"1"," Yes :   24    "
"1"," Yes :   12    "
"1","
"
"1"," No  : 3039  "
"1"," No  :   26    "
"1"," No  :   42    "
"1"," No  :   54    "
"1","
"
"1"," NA's:13669  "
"1"," NA's:16709    "
"1"," NA's:16709    "
"1"," NA's:16709    "
"1","
"
"1",""
"1"," CW1_SCATSCHW_4"
"1"," CW1_CARE_1  "
"1"," CW1_CARE_2  "
"1"," CW1_CARE_3  "
"1","
"
"1"," Yes :   13    "
"1"," Yes :  653  "
"1"," Yes :  283  "
"1"," Yes :  400  "
"1","
"
"1"," No  :   53    "
"1"," No  :15502  "
"1"," No  :  370  "
"1"," No  :  253  "
"1","
"
"1"," NA's:16709    "
"1"," NA's:  620  "
"1"," NA's:16122  "
"1"," NA's:16122  "
"1","
"
"1",""
"1"," CW1_CAREWHO_1"
"1"," CW1_CAREWHO_2"
"1"," CW1_CAREWHO_3"
"1"," CW1_CAREWHO_4"
"1","
"
"1"," Yes :  362   "
"1"," Yes :  241   "
"1"," Yes :   37   "
"1"," Yes :    9   "
"1","
"
"1"," No  :  291   "
"1"," No  :  412   "
"1"," No  :  616   "
"1"," No  :  644   "
"1","
"
"1"," NA's:16122   "
"1"," NA's:16122   "
"1"," NA's:16122   "
"1"," NA's:16122   "
"1","
"
"1",""
"1"," CW1_CAREWHO_5"
"1"," CW1_CAREWHO_6"
"1","           CW1_HCARPRE   "
"1"," CW1_CARECHAN"
"1","
"
"1"," Yes :  152   "
"1"," Yes :   27   "
"1"," Up to 4 hours   :  217  "
"1"," Yes :  528  "
"1","
"
"1"," No  :  501   "
"1"," No  :  626   "
"1"," 5-9 hours       :  156  "
"1"," No  :15605  "
"1","
"
"1"," NA's:16122   "
"1"," NA's:16122   "
"1"," 10-19 hours     :  100  "
"1"," NA's:  642  "
"1","
"
"1",""
"1","                            CW1_CACHANWH  "
"1","
"
"1"," Same needs, reduced care received:  190  "
"1","
"
"1"," More care needed, not received   :   80  "
"1","
"
"1"," More care needed and received    :  245  "
"1","
"
"1",""
"1","           CW1_CARHRAF   "
"1","
"
"1"," 0 hours         :  196  "
"1","
"
"1"," 1-4 hours       :  208  "
"1","
"
"1"," 5-9 hours       :   37  "
"1","
"
"1",""
"1","                                                                     CW1_PRNCARE   "
"1","
"
"1"," Husband/wife/partner/self                                                 :  107  "
"1","
"
"1"," Son or daughter or other family member (include even if not blood related):  111  "
"1","
"
"1"," Friend or neighbour                                                       :   28  "
"1","
"
"1",""
"1","  CW1_NUMROOMS "
"1"," CW1_OUTDOORS_1"
"1"," CW1_OUTDOORS_2"
"1"," CW1_OUTDOORS_3"
"1","
"
"1"," 5      :3518  "
"1"," Yes :14518    "
"1"," Yes : 4991    "
"1"," Yes :  629    "
"1","
"
"1"," 4      :3239  "
"1"," No  : 1604    "
"1"," No  :11131    "
"1"," No  :15493    "
"1","
"
"1"," 6      :2712  "
"1"," NA's:  653    "
"1"," NA's:  653    "
"1"," NA's:  653    "
"1","
"
"1",""
"1"," CW1_OUTDOORS_4"
"1","                  CW1_FINANCIALMANB"
"1","
"
"1"," Yes :  648    "
"1"," Living comfortably        :7831   "
"1","
"
"1"," No  :15474    "
"1"," Doing all right           :6113   "
"1","
"
"1"," NA's:  653    "
"1"," Just about getting by     :1704   "
"1","
"
"1",""
"1","               CW1_FINANCIALMAND"
"1","
"
"1"," I’m much worse off     :1349   "
"1","
"
"1"," I’m a little worse off :3665   "
"1","
"
"1"," I’m about the same     :7462   "
"1","
"
"1",""
"1","                                         CW1_FOODAFFORD "
"1","
"
"1"," HH always had enough of food they want         :12528  "
"1","
"
"1"," HH always had enough, not always what they want: 3432  "
"1","
"
"1"," HH sometimes did not have enough food          :  108  "
"1","
"
"1",""
"1","               CW1_FOODBANK  "
"1"," CW1_BENEFITB_1"
"1"," CW1_BENEFITB_2"
"1","
"
"1"," Never               :15953  "
"1"," Yes :  253    "
"1"," Yes :  429    "
"1","
"
"1"," Less than four times:   97  "
"1"," No  :15526    "
"1"," No  :15350    "
"1","
"
"1"," Four times or more  :   32  "
"1"," NA's:  996    "
"1"," NA's:  996    "
"1","
"
"1",""
"1"," CW1_BENEFITB_3"
"1"," CW1_BENEFITB_4"
"1"," CW1_BENEFITB_5"
"1"," CW1_BENEFITB_6"
"1","
"
"1"," Yes :   69    "
"1"," Yes :  157    "
"1"," Yes :  695    "
"1"," Yes :  327    "
"1","
"
"1"," No  :15710    "
"1"," No  :15622    "
"1"," No  :15084    "
"1"," No  :15452    "
"1","
"
"1"," NA's:  996    "
"1"," NA's:  996    "
"1"," NA's:  996    "
"1"," NA's:  996    "
"1","
"
"1",""
"1"," CW1_BENEFITB_8"
"1"," CW1_BENEFITB_14"
"1"," CW1_BENEFITB_9"
"1"," CW1_BENEFITB_12"
"1","
"
"1"," Yes :  247    "
"1"," Yes :  322     "
"1"," Yes :  546    "
"1"," Yes :  821     "
"1","
"
"1"," No  :15532    "
"1"," No  :15457     "
"1"," No  :15233    "
"1"," No  :14958     "
"1","
"
"1"," NA's:  996    "
"1"," NA's:  996     "
"1"," NA's:  996    "
"1"," NA's:  996     "
"1","
"
"1",""
"1","              CW1_BENEFITB_13 "
"1"," CW1_BENEFITD_1"
"1"," CW1_BENEFITD_2"
"1","
"
"1"," No benefit claims    :13359  "
"1"," Yes :   26    "
"1"," Yes :  416    "
"1","
"
"1"," Have claimed benefits: 2420  "
"1"," No  :15737    "
"1"," No  :15347    "
"1","
"
"1"," NA's                 :  996  "
"1"," NA's: 1012    "
"1"," NA's: 1012    "
"1","
"
"1",""
"1"," CW1_BENEFITD_4"
"1"," CW1_BENEFITD_5"
"1"," CW1_BENEFITD_6"
"1"," CW1_BENEFITD_9"
"1","
"
"1"," Yes :  201    "
"1"," Yes :  165    "
"1"," Yes :  146    "
"1"," Yes :   65    "
"1","
"
"1"," No  :15562    "
"1"," No  :15598    "
"1"," No  :15617    "
"1"," No  :15698    "
"1","
"
"1"," NA's: 1012    "
"1"," NA's: 1012    "
"1"," NA's: 1012    "
"1"," NA's: 1012    "
"1","
"
"1",""
"1"," CW1_BENEFITD_7"
"1","               CW1_BENEFITD_8 "
"1"," CW1_BENEFITOTH_1"
"1","
"
"1"," Yes :  862    "
"1"," No new benefit claims:14142  "
"1"," Yes :  927      "
"1","
"
"1"," No  :14901    "
"1"," New benefit claims   : 1621  "
"1"," No  :14996      "
"1","
"
"1"," NA's: 1012    "
"1"," NA's                 : 1012  "
"1"," NA's:  852      "
"1","
"
"1",""
"1"," CW1_BENEFITOTH_5"
"1"," CW1_BENEFITOTH_2"
"1","               CW1_BENEFITOTH_4"
"1","
"
"1"," Yes :  222      "
"1"," Yes :  417      "
"1"," No other benefits used:14691  "
"1","
"
"1"," No  :15701      "
"1"," No  :15506      "
"1"," Other benefits used   : 1232  "
"1","
"
"1"," NA's:  852      "
"1"," NA's:  852      "
"1"," NA's                  :  852  "
"1","
"
"1",""
"1","                                 CW1_ECONACTIVITYB"
"1","
"
"1"," Employed                                 :9299   "
"1","
"
"1"," Retired                                  :1724   "
"1","
"
"1"," Self-employed                            :1683   "
"1","
"
"1",""
"1","             CW1_APPRENTYPE "
"1"," CW1_WRKHOURSB "
"1","
"
"1"," A full time job    :  111  "
"1"," 40     :1963  "
"1","
"
"1"," Or a part time job :    3  "
"1"," 35     : 791  "
"1","
"
"1"," Not part of any job:    1  "
"1"," 37     : 731  "
"1","
"
"1",""
"1","                                                           CW1_SOC2010  "
"1","
"
"1"," Not applicable                                                  :5721  "
"1","
"
"1"," 231: Teaching and Educational Professionals                     : 781  "
"1","
"
"1"," 612: Childcare and Related Personal Services                    : 476  "
"1","
"
"1",""
"1","                                                  CW1_NSSEC2010SB"
"1","
"
"1"," Not applicable                                           :5721  "
"1","
"
"1"," L4.1 'Traditional' employees                             :2019  "
"1","
"
"1"," L7.1 Intermediate clerical and administrative occupations:1148  "
"1","
"
"1",""
"1","                                               CW1_NSSEC2010OP"
"1","
"
"1"," Not applicable                                        :5721  "
"1","
"
"1"," L4 Lower professional and higher technical occupations:2569  "
"1","
"
"1"," L7 Intermediate occupations                           :2120  "
"1","
"
"1",""
"1","                                                        CW1_NSSEC2010AN"
"1","
"
"1"," Not applicable                                                 :5721  "
"1","
"
"1"," 2 Lower managerial, administrative and professional occupations:3232  "
"1","
"
"1"," 3 Intermediate occupations                                     :2120  "
"1","
"
"1",""
"1"," CW1_ZEROHB "
"1"," CW1_FTCOURSEAPPRENT"
"1"," CW1_STUDYAPPRENT"
"1","
"
"1"," Yes : 414  "
"1"," Yes :    0         "
"1"," Yes :    1      "
"1","
"
"1"," No  :8809  "
"1"," No  :    1         "
"1"," No  :    0      "
"1","
"
"1"," NA's:7552  "
"1"," NA's:16774         "
"1"," NA's:16774      "
"1","
"
"1",""
"1","     CW1_STUDYORG  "
"1","    CW1_STUDYHRS  "
"1","
"
"1"," School    :  111  "
"1"," Full-time: 1530  "
"1","
"
"1"," College   :  339  "
"1"," Part time:   47  "
"1","
"
"1"," University: 1115  "
"1"," NA's     :15198  "
"1","
"
"1",""
"1","                CW1_COURSEDUR  "
"1","                CW1_STUDYYEAR  "
"1","
"
"1"," One year              :  160  "
"1"," First year            : 1242  "
"1","
"
"1"," Two years             :  274  "
"1"," Second year           :  241  "
"1","
"
"1"," Three years           :  648  "
"1"," Third year            :   41  "
"1","
"
"1",""
"1","                                   CW1_STUDYQUALDV "
"1","
"
"1"," University level qualification            : 1108  "
"1","
"
"1"," A-levels/International baccalaureatte     :  130  "
"1","
"
"1"," Other school/college level qualification  :  324  "
"1","
"
"1",""
"1","                                        CW1_LEARNACTIVITYCHNG"
"1","
"
"1"," No interruption to learning activities            :   25    "
"1","
"
"1"," Taking a formal break                             :  101    "
"1","
"
"1"," Studying at home with online resources provided   : 1243    "
"1","
"
"1",""
"1"," CW1_LEARNSATISFACTION_1"
"1"," CW1_LEARNSATISFACTION_2"
"1","
"
"1"," 7      :  218          "
"1"," 3      :  163          "
"1","
"
"1"," 8      :  181          "
"1"," 5      :  158          "
"1","
"
"1"," 6      :  175          "
"1"," 7      :  158          "
"1","
"
"1",""
"1","                                CW1_ECONACTIVITYDEDU"
"1","
"
"1"," Unemployed                               :   37    "
"1","
"
"1"," Doing something else                     :   31    "
"1","
"
"1"," In education at school/college/university:   25    "
"1","
"
"1",""
"1","                  CW1_WRKLOCATIONDEDU"
"1","
"
"1"," Work from your own home    :    0   "
"1","
"
"1"," Work at employer's premises:    0   "
"1","
"
"1"," Other                      :    0   "
"1","
"
"1",""
"1","                    CW1_WRKHOURSDEDU"
"1"," CW1_KEYWORKEREDU"
"1","
"
"1"," Work from your own home    :    0  "
"1"," Yes :    0      "
"1","
"
"1"," Work at employer's premises:    0  "
"1"," No  :    0      "
"1","
"
"1"," Other                      :    0  "
"1"," NA's:16775      "
"1","
"
"1",""
"1","                                       CW1_ECONACTIVITYD"
"1","
"
"1"," Employed and currently working                 :6700   "
"1","
"
"1"," Employed but on paid leave (including furlough):2373   "
"1","
"
"1"," Retired                                        :1736   "
"1","
"
"1",""
"1"," CW1_WRKHOURSD "
"1","                    CW1_WRKLOCATIOND"
"1"," CW1_KEYWORKERD"
"1","
"
"1"," 40     :1216  "
"1"," Work from your own home    :4426   "
"1"," Yes :4133     "
"1","
"
"1"," 30     : 551  "
"1"," Work at employer's premises:2587   "
"1"," No  :3432     "
"1","
"
"1"," 35     : 523  "
"1"," Other                      : 570   "
"1"," NA's:9210     "
"1","
"
"1",""
"1","                    CW1_PECONACTIVITYB"
"1","            CW1_PAPPRENTYPE "
"1","
"
"1"," Employed                    :6257    "
"1"," A full time job    :    8  "
"1","
"
"1"," Retired                     :1475    "
"1"," Or a part time job :    0  "
"1","
"
"1"," Self-employed               :1470    "
"1"," Not part of any job:    0  "
"1","
"
"1",""
"1"," CW1_PWRKHOURSB"
"1","
"
"1"," 40     :1957  "
"1","
"
"1"," 37     : 563  "
"1","
"
"1"," 35     : 556  "
"1","
"
"1",""
"1","                                                           CW1_PSOC2010 "
"1","
"
"1"," Not applicable                                                  :9186  "
"1","
"
"1"," 231: Teaching and Educational Professionals                     : 507  "
"1","
"
"1"," 113: Functional Managers and Directors                          : 286  "
"1","
"
"1",""
"1","                                                  CW1_PNSSEC2010SB"
"1","
"
"1"," Not applicable                                           :9186   "
"1","
"
"1"," L4.1 'Traditional' employees                             :1243   "
"1","
"
"1"," L3.1 'Traditional' employees                             : 661   "
"1","
"
"1",""
"1","                                               CW1_PNSSEC2010OP"
"1","
"
"1"," Not applicable                                        :9186   "
"1","
"
"1"," L4 Lower professional and higher technical occupations:1626   "
"1","
"
"1"," L7 Intermediate occupations                           :1220   "
"1","
"
"1",""
"1","                                                        CW1_PNSSEC2010AN"
"1","
"
"1"," Not applicable                                                 :9186   "
"1","
"
"1"," 2 Lower managerial, administrative and professional occupations:2106   "
"1","
"
"1"," 3 Intermediate occupations                                     :1220   "
"1","
"
"1",""
"1"," CW1_PZEROHB "
"1","
"
"1"," Yes :  149  "
"1","
"
"1"," No  : 6051  "
"1","
"
"1"," NA's:10575  "
"1","
"
"1",""
"1","                                       CW1_PECONACTIVITYD"
"1","
"
"1"," Employed and currently working                 :4787    "
"1","
"
"1"," Retired                                        :1502    "
"1","
"
"1"," Employed but on paid leave (including furlough):1384    "
"1","
"
"1",""
"1"," CW1_PWRKHOURSD "
"1"," CW1_PKEYWORKER"
"1"," CW1_EDUOFFER"
"1","
"
"1"," 40     : 1256  "
"1"," Yes : 2732    "
"1"," Yes :  498  "
"1","
"
"1"," 30     :  387  "
"1"," No  : 2781    "
"1"," No  : 1906  "
"1","
"
"1"," 37     :  379  "
"1"," NA's:11262    "
"1"," NA's:14371  "
"1","
"
"1",""
"1","                                                        CW1_EDUOFFERINTENT"
"1","
"
"1"," No change to plans - I will take up the course or apprenticeship:  408   "
"1","
"
"1"," Deferred entry to course or apprenticeship                      :    6   "
"1","
"
"1"," Do not plan to do the course or apprenticeship anymore          :    7   "
"1","
"
"1",""
"1","                                    CW1_EDUQUALDV  "
"1","
"
"1"," University level qualification            :  443  "
"1","
"
"1"," A-levels/International baccalaureatte     : 1906  "
"1","
"
"1"," Other school/college level qualification  :   53  "
"1","
"
"1",""
"1","                            CW1_SMOKING  "
"1"," CW1_NUMCIGSPP  "
"1","
"
"1"," Never smoked                     :9511  "
"1"," 10     :  313  "
"1","
"
"1"," Used to smoke but not at all now :4601  "
"1"," 15     :  232  "
"1","
"
"1"," Occasionally smokes but not daily: 533  "
"1"," 20     :  222  "
"1","
"
"1",""
"1"," CW1_NUMCIGSSP  "
"1","
"
"1"," 10     :  276  "
"1","
"
"1"," 20     :  229  "
"1","
"
"1"," 15     :  227  "
"1","
"
"1",""
"1","                                         CW1_VAPE    "
"1","
"
"1"," Never used e-cig or vaping device           :13779  "
"1","
"
"1"," Used to use vaping device but not at all now: 1084  "
"1","
"
"1"," Occasionally use vaping device but not daily:  316  "
"1","
"
"1",""
"1","                                    CW1_VAPESP   "
"1","
"
"1"," More frequent use of e-cig/vaping device:  309  "
"1","
"
"1"," Less frequent use of e-cig/vaping device:   94  "
"1","
"
"1"," No change                               :  484  "
"1","
"
"1",""
"1","                  CW1_ALDRPP  "
"1"," CW1_AUNDPP "
"1","
"
"1"," 4 or more times a week:2601  "
"1"," 1-2 :7908  "
"1","
"
"1"," 2-3 times a week      :4771  "
"1"," 3-4 :3415  "
"1","
"
"1"," 2-4 times per month   :3564  "
"1"," 5-6 :1380  "
"1","
"
"1",""
"1","                  CW1_ALDRSP  "
"1"," CW1_AUNDSP "
"1","
"
"1"," 4 or more times a week:3833  "
"1"," 1-2 :8095  "
"1","
"
"1"," 2-3 times a week      :4279  "
"1"," 3-4 :3174  "
"1","
"
"1"," 2-4 times per month   :2705  "
"1"," 5-6 : 941  "
"1","
"
"1",""
"1","                 CW1_AUSDSP   "
"1","                 CW1_AUACSP   "
"1","
"
"1"," Never                :11748  "
"1"," Never                :12365  "
"1","
"
"1"," Less than monthly    :  377  "
"1"," Less than monthly    :  180  "
"1","
"
"1"," Monthly              :  118  "
"1"," Monthly              :   48  "
"1","
"
"1",""
"1"," CW1_AUCDSP  "
"1","  CW1_EXCISEPP "
"1","  CW1_EXCISESP "
"1","  CW1_FRTVEGPP "
"1","
"
"1"," Yes :  316  "
"1"," 0      :2666  "
"1"," 0      :2725  "
"1"," 3      :3582  "
"1","
"
"1"," No  :12491  "
"1"," 3      :2638  "
"1"," 7      :2376  "
"1"," 5      :3330  "
"1","
"
"1"," NA's: 3968  "
"1"," 2      :2439  "
"1"," 5      :2270  "
"1"," 4      :2898  "
"1","
"
"1",""
"1","  CW1_FRTVEGSP "
"1","  CW1_HSLEEPPP "
"1","  CW1_HSLEEPSP "
"1","
"
"1"," 3      :3389  "
"1"," 7      :5824  "
"1"," 8      :4574  "
"1","
"
"1"," 5      :3285  "
"1"," 8      :4513  "
"1"," 7      :4188  "
"1","
"
"1"," 4      :2908  "
"1"," 6      :3245  "
"1"," 6      :2589  "
"1","
"
"1",""
"1","                             CW1_Weight  "
"1","   CW1_WGHTKG   "
"1","
"
"1"," Kilograms                        :3879  "
"1"," 80     :  142  "
"1","
"
"1"," Stones and Pounds                :9137  "
"1"," 70     :  136  "
"1","
"
"1"," I do not wish to report my weight:2636  "
"1"," 75     :  128  "
"1","
"
"1",""
"1"," CW1_WGHTSTP_4 "
"1"," CW1_WGHTSTP_5 "
"1","     CW1_SCON1   "
"1","     CW1_SCON2   "
"1","
"
"1"," 10     :1331  "
"1"," 0      :1193  "
"1"," Every day: 429  "
"1"," Every day:5606  "
"1","
"
"1"," 11     :1288  "
"1"," 7      : 943  "
"1"," 4-6 days : 496  "
"1"," 4-6 days :2781  "
"1","
"
"1"," 12     :1217  "
"1"," 10     : 742  "
"1"," 2-3 days :1460  "
"1"," 2-3 days :4844  "
"1","
"
"1",""
"1","     CW1_SCON3   "
"1","     CW1_SCON4   "
"1","     CW1_SCON5   "
"1","
"
"1"," Every day:8299  "
"1"," Every day:1648  "
"1"," Every day: 549  "
"1","
"
"1"," 4-6 days :2548  "
"1"," 4-6 days : 924  "
"1"," 4-6 days : 566  "
"1","
"
"1"," 2-3 days :3084  "
"1"," 2-3 days :2673  "
"1"," 2-3 days :2339  "
"1","
"
"1",""
"1","         CW1_SOCPROV_1  "
"1","         CW1_SOCPROV_2  "
"1","
"
"1"," Very true      : 5573  "
"1"," Very true      : 5570  "
"1","
"
"1"," Partly true    : 1061  "
"1"," Partly true    :  945  "
"1","
"
"1"," Not true at all:   86  "
"1"," Not true at all:  164  "
"1","
"
"1",""
"1","         CW1_SOCPROV_3  "
"1","         CW1_SICK    "
"1","        CW1_LISTEN  "
"1","
"
"1"," Very true      :  167  "
"1"," Not at all  :  535  "
"1"," Not at all  : 337  "
"1","
"
"1"," Partly true    :  627  "
"1"," A little    : 1586  "
"1"," A little    :1130  "
"1","
"
"1"," Not true at all: 5822  "
"1"," Somewhat    : 2501  "
"1"," Somewhat    :2206  "
"1","
"
"1",""
"1","           CW1_LONELY_1  "
"1","           CW1_LONELY_2  "
"1","
"
"1"," Hardly ever     :10025  "
"1"," Hardly ever     :10119  "
"1","
"
"1"," Some of the time: 4418  "
"1"," Some of the time: 4518  "
"1","
"
"1"," Often           : 1108  "
"1"," Often           :  843  "
"1","
"
"1",""
"1","           CW1_LONELY_3 "
"1","           CW1_LONELY_4 "
"1","
"
"1"," Hardly ever     :9123  "
"1"," Hardly ever     :9506  "
"1","
"
"1"," Some of the time:4938  "
"1"," Some of the time:4608  "
"1","
"
"1"," Often           :1445  "
"1"," Often           :1388  "
"1","
"
"1",""
"1","                 CW1_SATN   "
"1","                 CW1_PHDE    "
"1","
"
"1"," 8                   :4026  "
"1"," All of the time     :   40  "
"1","
"
"1"," 7                   :3092  "
"1"," Most of the time    :  284  "
"1","
"
"1"," 9                   :2557  "
"1"," Some of the time    :  839  "
"1","
"
"1",""
"1","                 CW1_PHHO    "
"1","                 CW1_PHRF    "
"1","
"
"1"," All of the time     :   47  "
"1"," All of the time     :  142  "
"1","
"
"1"," Most of the time    :  256  "
"1"," Most of the time    :  583  "
"1","
"
"1"," Some of the time    :  711  "
"1"," Some of the time    : 1452  "
"1","
"
"1",""
"1","                 CW1_PHEE    "
"1","                 CW1_PHWO    "
"1","
"
"1"," All of the time     :  207  "
"1"," All of the time     :   88  "
"1","
"
"1"," Most of the time    :  568  "
"1"," Most of the time    :  262  "
"1","
"
"1"," Some of the time    : 1028  "
"1"," Some of the time    :  572  "
"1","
"
"1",""
"1","                 CW1_PHNE    "
"1"," CW1_HARM    "
"1","
"
"1"," All of the time     :  118  "
"1"," Yes :  164  "
"1","
"
"1"," Most of the time    :  419  "
"1"," No  : 4795  "
"1","
"
"1"," Some of the time    : 1023  "
"1"," NA's:11816  "
"1","
"
"1",""
"1","           CW1_WEMWBS_1  "
"1","           CW1_WEMWBS_2  "
"1","
"
"1"," None of the time:  148  "
"1"," None of the time:  191  "
"1","
"
"1"," Rarely          :  803  "
"1"," Rarely          :  760  "
"1","
"
"1"," Some of the time: 1962  "
"1"," Some of the time: 1696  "
"1","
"
"1",""
"1","           CW1_WEMWBS_3  "
"1","           CW1_WEMWBS_4  "
"1","
"
"1"," None of the time:   99  "
"1"," None of the time:  118  "
"1","
"
"1"," Rarely          :  696  "
"1"," Rarely          :  444  "
"1","
"
"1"," Some of the time: 1944  "
"1"," Some of the time: 1633  "
"1","
"
"1",""
"1","           CW1_WEMWBS_5  "
"1","           CW1_WEMWBS_6  "
"1","
"
"1"," None of the time:   96  "
"1"," None of the time:  108  "
"1","
"
"1"," Rarely          :  461  "
"1"," Rarely          :  521  "
"1","
"
"1"," Some of the time: 1400  "
"1"," Some of the time: 1499  "
"1","
"
"1",""
"1","           CW1_WEMWBS_7  "
"1"," CW1_MALAISE_1"
"1"," CW1_MALAISE_2"
"1","
"
"1"," None of the time:   63  "
"1"," Yes :2208    "
"1"," Yes :1440    "
"1","
"
"1"," Rarely          :  308  "
"1"," No  :6599    "
"1"," No  :7357    "
"1","
"
"1"," Some of the time:  926  "
"1"," NA's:7968    "
"1"," NA's:7978    "
"1","
"
"1",""
"1"," CW1_MALAISE_3"
"1"," CW1_MALAISE_4"
"1"," CW1_MALAISE_5"
"1"," CW1_MALAISE_6"
"1","
"
"1"," Yes :3653    "
"1"," Yes : 143    "
"1"," Yes : 822    "
"1"," Yes :2305    "
"1","
"
"1"," No  :5155    "
"1"," No  :8659    "
"1"," No  :7985    "
"1"," No  :6497    "
"1","
"
"1"," NA's:7967    "
"1"," NA's:7973    "
"1"," NA's:7968    "
"1"," NA's:7973    "
"1","
"
"1",""
"1"," CW1_MALAISE_7"
"1"," CW1_MALAISE_8"
"1"," CW1_MALAISE_9"
"1","
"
"1"," Yes : 567    "
"1"," Yes : 725    "
"1"," Yes : 678    "
"1","
"
"1"," No  :8234    "
"1"," No  :8073    "
"1"," No  :8122    "
"1","
"
"1"," NA's:7974    "
"1"," NA's:7977    "
"1"," NA's:7975    "
"1","
"
"1",""
"1","                CW1_GHQ121   "
"1","                  CW1_GHQ122   "
"1","
"
"1","  Better than usual  :  155  "
"1"," Not at all            :  421  "
"1","
"
"1"," Same as usual       :  833  "
"1"," No more than usual    :  817  "
"1","
"
"1"," Less than usual     :  634  "
"1"," Rather more than usual:  406  "
"1","
"
"1",""
"1","                  CW1_GHQ123   "
"1","               CW1_GHQ124   "
"1","
"
"1","  More so than usual   :  261  "
"1","  More so than usual:  113  "
"1","
"
"1"," Same as usual         :  883  "
"1"," Same as usual      : 1307  "
"1","
"
"1"," Less useful than usual:  421  "
"1"," Less so than usual :  262  "
"1","
"
"1",""
"1","                  CW1_GHQ125   "
"1","                  CW1_GHQ126   "
"1","
"
"1"," Not at all            :  247  "
"1"," Not at all            :  480  "
"1","
"
"1"," No more than usual    :  834  "
"1"," No more than usual    :  884  "
"1","
"
"1"," Rather more than usual:  503  "
"1"," Rather more than usual:  279  "
"1","
"
"1",""
"1","                CW1_GHQ127   "
"1","              CW1_GHQ128   "
"1","
"
"1"," More so than usual  :  212  "
"1"," More so than usual:  118  "
"1","
"
"1"," Same as usual       :  661  "
"1"," Same as usual     : 1345  "
"1","
"
"1"," Less so than usual  :  636  "
"1"," Less so than usual:  208  "
"1","
"
"1",""
"1","                  CW1_GHQ129   "
"1","                 CW1_GHQ1210   "
"1","
"
"1","  Not at all           :  398  "
"1"," Not at all            :  530  "
"1","
"
"1"," No more than usual    :  731  "
"1"," No more than usual    :  724  "
"1","
"
"1"," Rather more than usual:  463  "
"1"," Rather more than usual:  348  "
"1","
"
"1",""
"1","                 CW1_GHQ1211   "
"1","               CW1_GHQ1212   "
"1","
"
"1"," Not at all            :  991  "
"1"," More so than usual  :  255  "
"1","
"
"1"," No more than usual    :  495  "
"1"," Same as usual       : 1089  "
"1","
"
"1"," Rather more than usual:  165  "
"1"," Less so than usual  :  336  "
"1","
"
"1",""
"1","                 CW1_GAD2PHQ2_1"
"1","                 CW1_GAD2PHQ2_2 "
"1","
"
"1"," Not at all             :8593  "
"1"," Not at all             :10530  "
"1","
"
"1"," Several days           :5019  "
"1"," Several days           : 3434  "
"1","
"
"1"," More than half the days:1045  "
"1"," More than half the days:  886  "
"1","
"
"1",""
"1","                 CW1_GAD2PHQ2_3"
"1","                 CW1_GAD2PHQ2_4 "
"1","
"
"1"," Not at all             :9841  "
"1"," Not at all             :10018  "
"1","
"
"1"," Several days           :4032  "
"1"," Several days           : 4007  "
"1","
"
"1"," More than half the days: 963  "
"1"," More than half the days:  867  "
"1","
"
"1",""
"1","    CW1_RISK   "
"1","  CW1_PATIENT  "
"1","   CW1_TRUST   "
"1","
"
"1"," 5      :2868  "
"1"," 8      :3753  "
"1"," 7      :3540  "
"1","
"
"1"," 7      :2663  "
"1"," 7      :2932  "
"1"," 8      :3416  "
"1","
"
"1"," 6      :2261  "
"1"," 9      :2204  "
"1"," 5      :2215  "
"1","
"
"1",""
"1","                 CW1_TRUSTPOLP "
"1","          CW1_CVDCHNG_1 "
"1","
"
"1"," 5                      :2790  "
"1"," More than before:5951  "
"1","
"
"1"," 7                      :2016  "
"1"," Same - no change:7676  "
"1","
"
"1"," 6                      :1959  "
"1"," Less than before:1768  "
"1","
"
"1",""
"1","          CW1_CVDCHNG_2 "
"1","          CW1_CVDCHNG_3  "
"1","
"
"1"," More than before:2679  "
"1"," More than before: 3931  "
"1","
"
"1"," Same - no change:8830  "
"1"," Same - no change:10229  "
"1","
"
"1"," Less than before:3848  "
"1"," Less than before: 1210  "
"1","
"
"1",""
"1","          CW1_CVDCHNG_4  "
"1","           CW1_REGION  "
"1","
"
"1"," More than before: 1352  "
"1"," South East     :2496  "
"1","
"
"1"," Same - no change:11771  "
"1"," East of England:1514  "
"1","
"
"1"," Less than before: 2228  "
"1"," North West     :1448  "
"1","
"
"1",""
"1","          CW1_DESIGNWEIGHT"
"1","  CW1_SAMPPSU   "
"1"," CW1_SAMPSTRATUM"
"1","
"
"1"," 1.36628717976343 : 1257  "
"1"," 10701  :   11  "
"1"," 117    :  217  "
"1","
"
"1"," 1.36628717976344 :   88  "
"1"," 11901  :   11  "
"1"," 108    :  204  "
"1","
"
"1"," 0.365572593787429:   86  "
"1"," 12518  :   11  "
"1"," 120    :  170  "
"1","
"
"1",""
"1","  CW1_PTTYPE2   "
"1","   CW1_SPTN00   "
"1","    CW1_NH2     "
"1","  CW1_WEIGHT2   "
"1","
"
"1"," 1      :  866  "
"1"," 283    :   50  "
"1"," 5289   :  866  "
"1"," 2      :  866  "
"1","
"
"1"," 2      :  586  "
"1"," 265    :   28  "
"1"," 1853   :  586  "
"1"," 1.09   :  586  "
"1","
"
"1"," 3      :  282  "
"1"," 256    :   27  "
"1"," 169    :  282  "
"1"," 0.37   :  282  "
"1","
"
"1",""
"1","            CW1_COMBWT   "
"1","
"
"1"," 9.07955455780029:   17  "
"1","
"
"1"," 13.2193117141724:   12  "
"1","
"
"1"," 8.97210216522217:   11  "
"1","
"
"1"," [ reached getOption(""max.print"") -- omitted 4 rows ]
"
"0","head(W01)"
